first_name,last_name,email,country
احسان,علیزاده,hsn.aalyzdh@example.com,Iran
Sofia,Gagné,sofia.gagne@example.com,Canada
Gene,Bennett,gene.bennett@example.com,United States
Jayden,Hagos,jayden.hagos@example.com,Norway
Cameron,Lee,cameron.lee@example.com,New Zealand
Esther,Jordan,esther.jordan@example.com,Australia
Quinte,Van der Klei,quinte.vanderklei@example.com,Netherlands
Rosi,Woll,rosi.woll@example.com,Germany
Nídio,Barros,nidio.barros@example.com,Brazil
Jaran,Wikstrøm,jaran.wikstrom@example.com,Norway
James,Walker,james.walker@example.com,New Zealand
Constance,Burns,constance.burns@example.com,United States
David,Kowalski,david.kowalski@example.com,Canada
Dejalme,Rodrigues,dejalme.rodrigues@example.com,Brazil
Vladeta,Milutinović,vladeta.milutinovic@example.com,Serbia
Necip,Blaak,necip.blaak@example.com,Netherlands
Piper,Martin,piper.martin@example.com,New Zealand
Teresa,Delgado,teresa.delgado@example.com,Spain
Lenni,Paavola,lenni.paavola@example.com,Finland
Emrik,Stien,emrik.stien@example.com,Norway
